id,count,type,name
0,0,M ,xx 
1,51,O,hadley wickham
2,2,O,Yihui Xie
3,34,O,Ariya Hidayat
4,19,O,XoD
5,2,O,Mathieu Bruyen
6,2,O,Joakim Lundborg
7,2,O,Matteo Redaelli
8,2,O,John McDonnell
9,1,O,Diego Valle-Jones
10,118,O,Ramnath Vaidyanathan
11,1,O,Check your git settings!
12,2,O,Josh Bode
13,2,O,Noah Lorang
14,2,O,Heewon Jeon
15,10,O,Daniel Sloof
16,2,O,Christian Kamm
17,3,O,Nathan Smith
18,5,O,Anton Korobeynikov
19,1,O,Andrew Tulloch
20,1,O,James Sharpe
21,1,O,Christopher C. Aycock
22,1,O,Chip Turner
23,1,O,hawake
24,5,O,Christopher Gandrud
25,1,O,Imanuel Costigan
26,2,O,jcborras
27,7,O,dclavijo
28,5,O,Kirill Müller
29,1,O,Andre d
30,7,O,Jeff Allen
31,290,O,Winston Chang
32,1,O,crtahlin
33,37,O,Joe Cheng
34,2,O,Edwin de Jonge
35,14,O,JJ Allaire
36,4,O,Jeffrey Arnold
37,1,O,Kornelius Rohmeyer
38,33,O,Gregory Maxwell
39,23,O,Peter Todd
40,178,O,Luke-Jr
41,414,O,Wladimir J. van der Laan
42,6,O,Cory Fields
43,1,O,Martin Studer
44,144,O,Gavin Andresen
45,235,O,Philip Kaufmann
46,188,O,Matt Corallo
47,46,O,Jeff Garzik
48,6,O,Cory Fields
49,254,O,Pieter Wuille
50,11,O,Jonas Schnelli
51,1,O,Timothy Stranex
52,3,O,David Coallier
53,1,O,fcicq
54,4,O,phelixbtc
55,7,O,Vinnie Falco
56,6,O,Micha
57,10,O,Shawn Wilkinson
58,2,O,Roman Mindalev
59,5,O,Cozz Lovan
60,9,O,Han Lin Yap
61,8,O,Mark Friedenbach
62,9,O,Nils Schneider
63,39,O,Michael Ford
64,12,O,Yoni Ben-Meshulam
65,3,O,Warren Togami
66,2,O,Brenton Kenkel
67,13,O,Jean-Olivier Irisson
68,6,O,Phil Chalmers
69,17,O,kohske takahashi
70,5,O,Michael
71,1,O,William Doane
72,5,O,Brian Diggs
73,4,O,gmbecker
74,17,O,Chris Moore
75,4,O,Dev Random
76,1,O,Andrie
77,1,O,Hal
78,1,O,Jeremy T. Hetzel
79,3,O,phantomcircuit
80,3,O,Jeremy Stephens
81,12,O,Andrew Redd
82,1,O,Benjamin Petersen
83,2,O,baptiste
84,1,O,leeight
85,3,O,Chris Howie
86,1,O,Stefan Thomas
87,1,O,Sebastian Gibb
88,1,O,JoshOBrien
89,4,O,Mikhail Titov
90,7,O,Bobby Groff
91,1,O,Shane Wegner
92,2,O,bsampath
93,7,O,Stéphane Gimenez
94,2,O,coderrr
95,1,O,Dylan Noblesmith
96,3,O,Giel van Schijndel
97,6,O,Vegard Nossum
98,3,O,Petr Baudis
99,1,O,David LeBauer
100,4,O,Eric Hosmer
101,2,O,somebadger
102,2,O,Karl Forner
103,1,O,Johannes Henninger
104,1,O,Lucy Kobarashi
105,1,O,Michal Zima
106,1,O,Homin Lee
107,1,O,Dan Keshet
108,1,O,mklarmann
109,3,O,David Perry
110,1,O,Charlie Lee
111,6,O,erik 'quantitative warlock' shilts
112,7,O,Scott Ellis
113,10,O,Fabien Sanglard
114,1,O,Ang Iongchun
115,19,O,Jonathan "Geenz" Goodman
116,5,O,Michael Hendricks
117,5,O,Alex B
118,1,O,Chunnan Ye
119,4,O,Sergio Campamá
120,6,O,Janne Pulkkinen
121,3,O,
122,9,O,Douglas Huff
123,1,O,
124,2,O,Antonio Cervone
125,8,O,Mike Hearn
126,45,O,R E Broadley
127,3,O,Pierre Pronchery
128,1,O,jondoh
129,1,O,Thomas Grainger
130,3,O,cardpuncher
131,2,O,Dwayne Litzenberger
132,8,O,
133,9,O,Christian von Roques
134,19,O,xanatos
135,6,O,Rune K. Svendsen
136,4,O,Badhrinath Sampathkumar
137,1,O,osmosis
138,1,O,Carlos Alberto Lopez Perez
139,1,O,Chris Pilkington
140,4,O,tucenaber
141,2,O,Znort 987
142,5,O,Alexander Kjeldaas
143,9,O,Robert Backhaus
144,2,O,Colin Dean
145,1,O,Andrie de Vries
146,1,O,Simon
147,7,O,Nick Currier
148,22,O,Mike Gogulski
149,1,O,Morgan Roderick
150,176,O,Ivan De Marino
151,2,O,Dmitry Parshin
152,1,O,Richard Harris
153,35,O,Vitaliy Slobodin
154,5,O,Bryan Bishop
155,4,O,Alex Alvarez
156,1,O,Jan Minar
157,3,O,eric heydenberk
158,2,O,Andrew Galloni
159,1,O,Robin Helgelin
160,49,O,execjosh
161,6,O,Pavel
162,5,O,Forrest Voight
163,7,O,Jonathan Wilkins
164,80,O,Eric Lombrozo
165,2,O,Max Desyatov
166,1,O,Alexander James Phillips
167,3,O,Dody Suria Wijaya
168,1,O,Capi Etheriel
169,13,O,Juliusz Gonera
170,5,O,Julian Szulc
171,8,O,James M. Greene
172,1,O,Jeff Boulter
173,3,O,Matthew Barr
174,1,O,Hirohisa Mitsuishi
175,3,O,Oleg Pudeyev
176,7,O,Sebastian Krzyszkowiak
177,3,O,David Burrows
178,1,O,fastclemmy
179,48,O,Jon Leighton
180,38,O,Milian Wolff
181,9,O,Jim Evans
182,2,O,Johan Sköld
183,3,O,Shawn Krisman
184,19,O,Zhaolong Lee
185,1,O,Ryan Cumming
186,7,O,Jakub
187,1,O,mb300sd
188,6,O,neraliu
189,2,O,Ilya Grigorik
190,11,O,Alessandro Portale
191,2,O,Nicolas Perriault
192,1,O,Tom Stuart & Jon Leighton
193,3,O,Marco Ferragina
194,1,O,Anthony O.
195,33,O,david
196,1,O,Boris Nagaev
197,2,O,Brikou CARRE
198,13,O,Brandon Dahler
199,1,O,Stephen Young
200,1,O,Chris Smith
201,2,O,Baffo32
202,26,O,Leo Franchi
203,2,O,Maurice Svay
204,1,O,David Serrano
205,2,O,Antono Vasiljev
206,1,O,David Griffith
207,16,O,IceArmy
208,1,O,Larry Gilbert
209,7,O,Robert Williamson
210,1,O,zechiel
211,8,O,Danny Wang
212,1,O,Joe Gornick
213,1,O,Nerzahd
214,3,O,Aditya Ivaturi
215,1,O,unknown
216,2,O,Jon Lund Steffensen
217,2,O,Nick Rowe
218,1,O,Gregor Martynus
219,1,O,Richard Schwab
220,1,O,Alex Whitman
221,3,O,Silvio
222,9,O,Nathan Rajlich
223,1,O,Daniel Aleksandersen
224,1,O,Bartosz Nitka
225,5,O,Kapil Reddy
226,4,O,Erik Dubbelboer
227,2,O,Alexey Palazhchenko
228,3,O,Dennis Kaarsemaker
229,1,O,sujal
230,2,O,M. Scott Ford
231,1,O,Dunk Fordyce
232,36,O,Robert Gieseke
233,16,O,Francisco Souza
234,1,O,Ville Lautanala
235,1,O,Ismael Celis
236,1,O,Peter Jihoon Kim
237,1,O,Weston Ruter
238,3,O,Jon Turner
239,4,O,Gabor Torok
240,5,O,Wouter de Bie
241,1,O,Wouter de Bie
242,2,O,Matthias Bartelmeß
243,1,O,mattn
244,1,O,John-David Dalton
245,1,O,Antoine Imbert
246,2,O,Greg Musick
247,1,O,Diego Lagunas
248,2,O,Thomas Shufps
249,2,O,István Miklós Antal
250,6,O,jevonx
251,2,O,Jim McDonald
252,1,O,Nickolai Zeldovich
253,1,O,Maciej Małecki
254,1,O,Will Yager
255,2,O,Gregor Crinklebine
256,3,O,martende
257,1,O,Jowbob
258,1,O,Paul Sheppard
259,1,O,ecin
260,1,O,Nathan Marley
261,2,O,Jorge Bejar
262,2,O,Daniel Larimer
263,2,O,Nicolai S
264,1,O,Timon Rapp
265,1,O,Philip Arndt
266,13,O,Patrick Strateman
267,2,O,constantined
268,2,O,Vaclav Vobornik
269,2,O,crazik
270,1,O,Evan
271,1,O,Dan Moore
272,2,O,Farooq Mela
273,2,O,meighti
274,1,O,Nick Presta
275,1,O,Ashley Holman
276,5,O,Josh Lehan
277,1,O,Andrew Aldridge
278,1,O,Soroush Rabiei
279,1,O,Nathanael Anderson
280,1,O,Aaron Heckmann
281,8,O,Jay Weisskopf
282,1,O,Cristian Ciupitu
283,11,O,Azat Khuzhin
284,2,O,Barosl LEE
285,5,O,knokknok
286,4,O,Weicheng
287,2,O,Christian Amor Kvalheim
288,1,O,Nick Salkowski
289,4,O,Thibaut Lamadon
290,4,O,Sietse Brouwer
291,2,O,Jim Hester
292,4,O,Noam Ross
293,1,O,Rock Lee
294,6,O,Johan Tolö
295,5,O,Richard Cotton
296,2,O,trevor
297,1,O,Myq Larson
298,1,O,Nacho Caballero
299,6,O,Michel Kuhlmann
300,76,O,Jeff Garzik
301,20,O,Taiyun
302,4,O,Fredrik Danerklint
303,1,O,Alastair Andrew
304,9,O,Cássio M. M. Pereira
305,1,O,knokknok
306,1,O,Ilya Maykov
307,3,O,Wush Wu
308,5,O,Alex Zvoleff
309,5,O,Sergiu Cociug
310,6,O,Jonathan Keane
311,5,O,Thomas Torsney-Weir
312,1,O,Brian McKenna
313,2,O,Simon Dean
314,1,O,Andrew LeCody
315,4,O,Ignacio Burgueño
316,3,O,
317,5,O,Kirill Berezin
318,1,O,Eric Peterson
319,1,O,Kuroneko Michael
320,1,O,Roelof
321,1,O,Stephen Compall
322,1,O,vhf / victor felder
323,2,O,bitsofproof
324,2,O,Joseph Rollinson
325,1,O,Michael H. Cox
326,2,O,danda
327,1,O,Ben Combee
328,159,O,Sunny King
329,1,O,Trevor North
330,1,O,Arun Kumar Jain
331,6,O,Sergey
332,1,O,pankkake
333,1,O,Reed G. Law
334,6,O,Keith Winstein
335,89,O,Jamie Mason
336,2,O,theuni
337,1,O,Mike McQuaid
338,1,O,Ran Bar-Zik
339,3,O,Jason Toffaletti
340,2,O,James McLaughlin
341,4,O,Joseph Rollinson
342,4,O,Dmitry Parshin
343,1,O,cole
344,5,O,Shola Oyedele
345,3,O,Max Cantor
346,1,O,krohling
347,1,O,John K. Luebs
348,1,O,Artem Baranovskiy
349,1,O,root
350,5,O,Richard Smith
351,26,O,Scott Nadal
352,1,O,root
353,2,O,Balthazar
354,37,O,Balthazar
355,27,O,alex
356,1,O,root
357,1,O,root
358,9,O,pocopoco
359,12,O,Nameshar
360,1,O,arthurbailao
361,1,O,defaced
362,4,O,Tariq Bashir
363,1,O,Jônatas Pedraza
364,1,O,lZl
365,1,O,Daniel
366,2,O,Andrew Chin
367,11,O,Timo J. Rinne
368,39,O,Anders Kaseorg
369,18,O,Anton Lundin
370,6,O,Alex Chernyakhovsky
371,1,O,Alexander von Gernler
372,11,O,Peter Iannucci
373,1,O,Giacomo Olgeni
374,77,O,Keegan McAllister
375,1,O,Ira Cooper
376,2,O,Sergey S Yaglov
377,1,O,Xi Wang
378,2,O,Timo Sirainen
379,1,O,Daniel Drown
380,6,O,Massimo Gengarelli
381,1,O,Ryan Steinmetz
382,5,O,Quentin Smith
383,6,O,Jay Freeman (saurik)
384,1,O,Brandon L Black
385,1,O,Ed Schouten
386,1,O,Joshua Pollack
387,1,O,Daniel O'Connor
388,1,O,Andy Stewart
389,1,O,Andy Smith
390,1,O,Peter Jeremy
391,2,O,Benjamin Kaduk
392,3,O,Calvin Owens
393,2,O,Austin Roach
394,1,O,Patrick Brown
395,3,O,John Cinnamond
396,1,O,Rupert Bedford
397,1,O,kumaresan
398,1,O,Nelson Elhage
399,2,O,seph
400,2,O,Geoff Reedy
401,1,O,Di Wu
402,1,O,Will Ashford
403,1,O,Dominic White
404,1,O,Philipp Klenze
405,1,O,Akinori MUSHA
406,1,O,Richard Schwab
407,7,O,Reini Urban
408,1,O,Petter Reinholdtsen
409,2,O,Rubén Darío Ponticelli
410,1,O,Mike Austin
411,2,O,Joonas Kuorilehto
412,1,O,Ben Arblaster
413,1,O,David Bishop
414,8,O,Timo Sirainen
415,1,O,Dhaivat Pandya
416,1,O,Paul Betts
417,6,O,Andrey Alekseenko
418,1,O,Adrian Yanes
419,2,O,Pi
420,5,O,grimd34th
421,5,O,Robin Owens
422,1,O,default
423,1,O,Arnav Singh
424,3,O,kjj2
425,1,O,Alex
426,16,O,JoelKatz
427,3,O,rmiraclewhip
428,6,O,Xfurry
429,3,O,NeatElves
430,70,O,Schmoozerd
431,2,O,Andreas
432,218,O,Сергей AKA /dev/rsa
433,1,O,Den
434,4,O,Yaki Khadafi
435,12,O,Andrew Vermie
436,19,O,
437,1,O,evil-at-wow
438,6,O,Reamer
439,1,O,ImperialXT
440,3,O,cyberium
441,15,O,stfx
442,1,O,Russell Smith
443,13,O,Xfurry
444,6,O,
445,2,O,antiroot
446,1,O,Kaelima
447,1,O,Azelen
448,1,O,darkstalker
449,1,O,michalpolko
450,23,O,Bratumił Rynkiewicz
451,1,O,TOM_RUS
452,4,O,PSZ
453,8,O,Nighoo
454,1,O,MacWarriors
455,3,O,Klark20
456,7,O,zergtmn
457,6,O,sixsixnine
458,1,O,Quriq14
459,1,O,Hundekuchen
460,1,O,Forusim
461,1,O,pasdVn
462,1,O,Astoria
463,3,O,virusav
464,1,O,DasBlub
465,4,O,breakwater
466,6,O,Vinolentus
467,1,O,evil-at-wow
468,1,O,mns
469,1,O,Alex
470,2,O,Nighoo
471,19,O,Laise
472,1,O,pabzea
473,1,O,morphau
474,2,O,Daniel S. Reichenbach
475,1,O,Midna
476,2,O,Lightguard
477,1,O,bastili
478,1,O,TOM_RUS
479,1,O,Shauren
480,2,O,Vinolentus
481,1,O,Alex
482,12,O,Vladimir
483,1,O,Lynx3d
484,1,O,darkstalker
485,1,O,herrtrigger
486,1,O,Pyromaniac
487,1,O,rowman
488,2,O,Schmoozerd
489,10,O,Jeff Garzik
490,1,O,Alexander Færøy
491,34,O,Mathias Stearn
492,1,O,Ismael Olea
493,21,O,Scott Hernandez
494,14,O,Kristina
495,4,O,Ben Noordhuis
496,1,O,Chris Dickinson
497,4,O,Andrew C. Morrow
498,25,O,Corey Richardson
499,4,O,Tóth Tamás
500,1,O,Thomas LE ROUX
501,1,O,Peter Faiman
502,1,O,BogDan Vatra
503,9,O,Peter Griess
504,1,O,Simon
505,14,O,Bertrand Paquet
506,1,O,Martell Malone
507,1,O,Andre Louis Caron
508,9,O,David Gwynne
509,1,O,Randy Rizun
510,3,O,Ivo Raisr
511,1,O,André Caron
512,1,O,Paul Querna
513,2,O,Jeff Donner
514,1,O,Fouad Mardini
515,12,O,Jon Kolb
516,3,O,Tim Becker
517,2,O,Sean Cunningham
518,2,O,Aman Gupta
519,8,O,Lu Guanqun
520,17,O,Daris A Nevil
521,3,O,Paul Sadauskas
522,2,O,Mark Nottingham
523,7,O,Caeies
524,18,O,Kato Kazuyoshi
525,1,O,Victor Boivie
526,1,O,Neil Hooey
527,7,O,Yakov Markovitch
528,2,O,Antonin Amand
529,2,O,
530,17,O,Tad Marshall
531,1,O,Sergey Avseyev
532,2,O,Derick Rethans
533,2,O,Kevin Matulef
534,47,O,Greg Studer
535,11,O,Ben Becker
536,1,O,Nathaniel McCallum
537,1,O,Hideyuki Tanaka
538,2,O,Shannon Weyrick
539,3,O,Patrik Stutz
540,1,O,yan
541,3,O,osheroff
542,2,O,Tyler Brock
543,2,O,Cam Swords
544,7,O,Andrew McFague
545,2,O,Vincent Bernat
546,1,O,Howard Mao
547,9,O,Matt Dannenberg
548,48,O,Eric Milkie
549,1,O,Erich Siedler
550,1,O,Siddharth Singh
551,1,O,Stephen Steneker
552,1,O,Anthony BARRE
553,10,O,Gaetano
554,6,O,Guilhem Lettron
555,4,O,Asya Kamsky
556,2,O,Postmodern
557,4,O,jcesareo
558,7,O,Andrea Lattuada
559,1,O,kimura wataru
560,1,O,Steve Ridout
561,6,O,Benedikt Waldvogel
562,1,O,Pascal Borreli
563,1,O,Testo
564,1,O,Jonas Haag
565,1,O,David Glasser
566,2,O,J. Randall Hunt
567,2,O,charsyam
568,1,O,Abhijit Pawar
569,2,O,Stephen Lee
570,2,O,Ian Whalen
571,1,O,chenzhongliang
572,1,O,patrikfors
573,3,O,Abe
574,1,O,Joel Kaartinen
575,4,O,tmtmtm
576,6,O,Felix
577,1,O,Miquella
578,1,O,Mathieu Turcotte
579,7,O,Ernie Hershey
580,2,O,Craig Wilson
581,2,O,Hiroaki Kubota
582,2,O,Barrie Segal
583,1,O,ashaffer
584,6,O,David Hows
585,1,O,Ilya Shipitsin
586,1,O,Stephen Benjamin
587,7,O,Robert J. Moore
588,3,O,Sridhar Nanjundeswaran
589,1,O,Sebastian Jeltsch
590,1,O,saml
591,3,O,Vasily Mikryukov
592,2,O,Andre de Frere
593,1,O,Christian Hergert
594,12,O,A. Jesse Jiryu Davis
595,1,O,Xie Zhenye
596,12,O,Andrew Emil
597,2,O,Spencer Rinehart
598,1,O,Xiuming Chen
599,6,O,Justin Thomas
600,1,O,Alexis Midon
601,1,O,Johan Hedin
602,7,O,Veres Lajos
603,1,O,Saif Hakim
604,1,O,Andreas Heck
605,1,O,Dmitry Naumov
606,4,O,Aricg
607,1,O,Idan Kamara
608,1,O,Hannes Magnusson
609,1,O,Gianfranco Palumbo
610,11,O,Eric Daniels
611,4,O,Samantha Ritter
612,1,O,william-tan
613,2,O,Siyuan Zhou
614,2,O,Daniel Folkinshteyn
615,4,O,Tim Niemueller
616,21,O,Dwight Merriman
617,1,O,Mohit Srivastava
618,4,O,Kyle Erf
619,1,O,Phillip Quiza
620,2,O,David Ribba
621,1,O,nosqldb
622,1,O,Amalia Hawkins
623,1,O,Andrew Erlichson
624,18,O,Alberto Lerner
625,12,O,Randolph Tan
626,42,O,Daniel Pasette
627,8,O,hkhalsa
628,37,O,Spencer T Brody
629,7,O,Andy Schwerin
630,14,O,Shaun Verch
631,8,O,Abhijit Pawar
632,9,O,j. rassi
633,32,O,Eliot
634,1,O,Hiroaki.Kubota
635,1,O,Dmitry Prokoptsev
636,1,O,Aaron
637,3,O,David Schneider
638,1,O,Gaetano
639,2,O,Annie Chin
640,1,O,Timo Savola
641,12,O,ijammy
642,2,O,Clark Gaebel
643,1,O,Rob LaRubbio
644,15,O,Michael Bemmerl
645,2,O,cjdelisle
646,2,O,Alex Waters
647,2,O,Karl Seguin
648,4,O,Walter Stanish
649,1,O,Jason Williams
650,6,O,Reid Morrison
651,1,O,nw
652,1,O,Nick Tarleton
653,17,O,Daris Nevil
654,1,O,Kyle Erf
655,1,O,Andreas Nilsson
656,1,O,mohyt
657,10,O,Jens Rantil
658,2,O,Nathaniel Cook
659,1,O,Potamianos Gregory
660,1,O,Karen Etheridge
661,1,O,Jacob
662,4,O,Johan Bergström
663,1,O,Joel Bradshaw
664,2,O,Nico Taing
665,8,O,Isaac Jurado
666,1,O,Khalahan
667,1,O,Michael Fellinger
668,5,O,David Rasch
669,5,O,Jon Cooper
670,1,O,Dean Lee
671,3,O,Spencer Jackson
672,2,O,fos83
673,2,O,Julio Viera
674,3,O,Derek Smith
675,1,O,Tony Arkles
676,1,O,Artem Veremey
677,3,O,Davies Liu
678,2,O,Kaspar Schiess
679,1,O,Santi Saez
680,1,O,mark
681,7,O,Celil
682,1,O,Andrew Bennett
683,5,O,Daniel Beardsley
684,1,O,Vadim A. Misbakh-Soloviov
685,1,O,flower
686,1,O,David Joos
687,1,O,Shannen Saez
688,2,O,Venkatesh Srinivas
689,7,O,david raistrick
690,1,O,Steven Lewis
691,1,O,Robie Basak
692,1,O,Undergarun
693,1,O,Trunks9809
694,2,O,Ash
695,1,O,Abraham Jewowich
696,1,O,Thiago Carvalho
697,1,O,genjix
698,3,O,Dawid Spiechowicz
699,3,O,netcho
700,1,O,Patrick Varilly
701,3,O,James Wahlin
702,2,O,ZuSe
703,2,O,Mislav Blažević
704,1,O,raphfrk
705,1,O,Stephen Cuppett
706,1,O,Joseph Kwasniewski
707,5,O,Akshay Nathan
708,6,O,Limur
709,1,O,przemratajczak
710,1,O,tibbi
711,4,O,Derek Chen-Becker
712,1,O,Mike Morearty
713,1,O,Ismael Juma
714,1,O,MIchael Thorpe
715,1,O,Valerian
716,3,O,Uladzimir Abramchuk
717,1,O,Dmitry Bushev
718,2,O,Christoffer Sawicki
719,9,O,kenji yoshida
720,1,O,Gerrit
721,45,M,Heather Miller
722,18,O,Szabolcs Berecz
723,1,O,James Roper
724,29,O,Viktor Klang (√)
725,3,O,Rich Dougherty
726,1,O,Stephen Judkins
727,1,O,Evgeny Kotelnikov
728,5,O,George Leontiev
729,389,M,Josh Suereth
730,14,O,Nada Amin
731,56,O,Den Shabalin
732,1,O,Alden Torres
733,1,O,Michael Bayne
734,1,O,Rike-Benjamin Schuppner
735,3,O,Yung-Luen Lan
736,3,O,Heejong Lee
737,13,O,Paolo G. Giarrusso
738,477,M,Jason Zaugg
739,6,O,Seth Tisue
740,1981,M,Paul Phillips
741,1,O,Dan Brown
742,1,O,Robin Stocker
743,1,O,Peter Vlugter
744,2,O,Dan Rosen
745,2,O,Johannes Rudolph
746,4,O,Havoc Pennington
747,517,O,Philipp Haller
748,40,O,Eugene Vigdorchik
749,20,O,Roland Kuhn
750,1,O,Scott R. Parish
751,2,O,Yaroslav Klymko
752,2,O,Vojin Jovanovic
753,3,O,Prashant Sharma
754,1,M,cunei
755,4,O,Mirco Dotta
756,918,M,Adriaan Moors
757,1,O,Manabu Nakamura
758,4,O,Antoine Gourlay
759,1,O,Eugene Platonov
760,8,O,Alex Cruise
761,62,M,Hubert Plociniczak
762,2,O,eugene yokota
763,1,O,杨博 (Yang Bo)
764,2,O,Stefan Zeiger
765,15,O,Daniel Capo Sobral
766,3,O,Kota Mizushima
767,82,O,Som Snytt
768,544,M,Eugene Burmako
769,219,M,Grzegorz Kossakowski
770,423,O,Lex Spoon
771,2,O,Jan Niehusmann
772,1,O,Robin Green
773,1,O,Sébastien Doeraene
774,15,O,François Garillot
775,582,O,Iulian Dragos
776,17,O,Vojin Jovanovic
777,102,O,
778,7,O,Christopher Vogt
779,4,O,Simon Schäfer
780,3,O,Erik Rozendaal
781,1,O,Mads Hartmann Jensen
782,1515,O,Martin Odersky
783,256,M,Lukas Rytz
784,1,O,Josh Marcus
785,89,O,Vlad Ureche
786,91,O,Miguel Garcia
787,10,O,Erik Osheim
788,110,O,Aleksandar Prokopec
789,66,O,Miles Sabin
790,1,O,Michael Schmitz
791,5,O,Pavel E. Pavlov
792,2,O,Leif Wickland
793,25,O,Tiark Rompf
794,2,O,Damien
795,1,O,Cristian Talau
796,1,O,Manohar Jonnalagedda
797,1,O,David Andrzejewski
798,18,O,Dominik Gruntz
799,1,O,David Hall
800,3,O,Dmitry Nadezhin
801,1,O,Étienne Vallette d'Osia
802,2,O,Alex Clare
803,1,O,haraldme
804,3,O,Juha Heljoranta
805,4,O,Ingo Maier
806,19,O,Rüdiger Klaehn
807,1,O,Julien Richard-Foy
808,1,O,Sebastian Meßmer
809,14,O,Jean-Remi Desjardins
810,1,O,George Kollias
811,112,M,James Iry
812,3,O,Vinicius Miana
813,1,O,Cody Mello
814,2,O,Bjorn Regnell
815,2,O,Martin McNulty
816,1,O,Robert Ladstätter
817,4,O,Rex Kerr
818,1,O,jinfu-leng
819,20,O,James Iry
820,2,O,Luke Cycon
821,10,O,Christopher Hodapp
822,7,O,Raphael Jolly
823,3,O,Andrew Phillips
824,1,O,Lee Mighdoll
825,1,O,Connor Doyle
826,1,O,Dan Garrette
827,1,O,ybr
828,1,O,Jacek K
829,1745,O,michelou
830,6,O,Aleksandar Pokopec
831,1,O,john.lonergan@gmail.com
832,1,O,Declan Conlon
833,1,O,rklaehn
834,1,O,Aleksandar
835,7,O,Aleksandar Prokopec
836,5,O,Christopher Vogt
837,1,O,Aleksandar
838,1,O,Thipor Kong
839,58,O,Antonio Cunei
840,12,O,aleksandar
841,3,O,Lucien Pereira
842,1,O,odersky
843,80,O,David R. MacIver
844,1,O,Donna Malayeri
845,320,O,Gilles Dubochet
846,47,O,Ingo Maier
847,35,O,stepancheg
848,16,O,ilyas
849,10,O,nielsen
850,219,O,Geoffrey Washburn
851,1,O,lesani
852,236,O,Sean McDirmid
853,18,O,lorch
854,13,O,pradel
855,40,O,NAME
856,14,O,jeberle
857,492,O,Burak Emir
858,587,O,mihaylov
859,6,O,shack
860,1648,O,paltherr
861,3,O,moez
862,2,O,Fabien Salvi
863,832,O,buraq
864,1,O,noir
865,341,O,schinz
866,73,O,cremet
867,5,O,sbucher
868,184,O,Matthias Zenger
869,33,O,stenman
870,1,O,Automation Bot
